PCON_NM,PCON21CD,PCON24CD
Aldershot,E14000530,E14001063
Aldridge-Brownhills,E14000531,E14001064
Altrincham and Sale West,E14000532,E14001065
Amber Valley,E14000533,E14001066
Arundel and South Downs,E14000534,E14001067
Ashfield,E14000535,E14001068
Ashford,E14000536,E14001069
Ashton-under-Lyne,E14000537,E14001070
Aylesbury,E14000538,E14001071
Banbury,E14000539,E14001072
Barking,E14000540,E14001073
Barnsley North,,E14001074
Barnsley South,,E14001075
Barrow and Furness,E14000543,E14001076
Basildon and Billericay,E14000544,E14001077
Basingstoke,E14000545,E14001078
Bassetlaw,E14000546,E14001079
Bath,E14000547,E14001080
Battersea,E14000549,E14001081
Beaconsfield,E14000550,E14001082
Beckenham and Penge,,E14001083
Bedford,E14000552,E14001084
Bermondsey and Old Southwark,E14000553,E14001085
Bethnal Green and Stepney,,E14001086
Beverley and Holderness,E14000556,E14001087
Bexhill and Battle,E14000557,E14001088
Bexleyheath and Crayford,E14000558,E14001089
Bicester and Woodstock,,E14001090
Birkenhead,E14000559,E14001091
Birmingham Edgbaston,E14000560,E14001092
Birmingham Erdington,E14000561,E14001093
Birmingham Hall Green and Moseley,,E14001094
Birmingham Hodge Hill and Solihull North,,E14001095
Birmingham Ladywood,E14000564,E14001096
Birmingham Northfield,E14000565,E14001097
Birmingham Perry Barr,E14000566,E14001098
Birmingham Selly Oak,E14000567,E14001099
Birmingham Yardley,E14000568,E14001100
Bishop Auckland,E14000569,E14001101
Blackburn,E14000570,E14001102
Blackley and Middleton South,,E14001103
Blackpool North and Fleetwood,,E14001104
Blackpool South,E14000573,E14001105
Blaydon and Consett,,E14001106
Blyth and Ashington,,E14001107
Bognor Regis and Littlehampton,E14000576,E14001108
Bolsover,E14000577,E14001109
Bolton North East,E14000578,E14001110
Bolton South and Walkden,,E14001111
Bolton West,E14000580,E14001112
Bootle,E14000581,E14001113
Boston and Skegness,E14000582,E14001114
Bournemouth East,E14000584,E14001115
Bournemouth West,E14000585,E14001116
Bracknell,E14000586,E14001117
Bradford East,E14000587,E14001118
Bradford South,E14000588,E14001119
Bradford West,E14000589,E14001120
Braintree,E14000590,E14001121
Brent East,,E14001122
Brent West,,E14001123
Brentford and Isleworth,E14000593,E14001124
Brentwood and Ongar,E14000594,E14001125
Bridgwater,,E14001126
Bridlington and The Wolds,,E14001127
Brigg and Immingham,,E14001128
Brighton Kemptown and Peacehaven,,E14001129
Brighton Pavilion,E14000598,E14001130
Bristol Central,,E14001131
Bristol East,E14000599,E14001132
Bristol North East,,E14001133
Bristol North West,E14000600,E14001134
Bristol South,E14000601,E14001135
Broadland and Fakenham,,E14001136
Bromley and Biggin Hill,,E14001137
Bromsgrove,E14000605,E14001138
Broxbourne,E14000606,E14001139
Broxtowe,E14000607,E14001140
Buckingham and Bletchley,,E14001141
Burnley,E14000609,E14001142
Burton and Uttoxeter,,E14001143
Bury North,E14000611,E14001144
Bury South,E14000612,E14001145
Bury St Edmunds and Stowmarket,,E14001146
Calder Valley,E14000614,E14001147
Camborne and Redruth,E14000616,E14001148
Cambridge,E14000617,E14001149
Cannock Chase,E14000618,E14001150
Canterbury,E14000619,E14001151
Carlisle,E14000620,E14001152
Carshalton and Wallington,E14000621,E14001153
Castle Point,E14000622,E14001154
Central Devon,E14000623,E14001155
Central Suffolk and North Ipswich,E14000624,E14001156
Chatham and Aylesford,E14000626,E14001157
Cheadle,E14000627,E14001158
Chelmsford,E14000628,E14001159
Chelsea and Fulham,E14000629,E14001160
Cheltenham,E14000630,E14001161
Chesham and Amersham,E14000631,E14001162
Chester North and Neston,,E14001163
Chester South and Eddisbury,,E14001164
Chesterfield,E14000632,E14001165
Chichester,E14000633,E14001166
Chingford and Woodford Green,E14000634,E14001167
Chippenham,E14000635,E14001168
Chipping Barnet,E14000636,E14001169
Chorley,E14000637,E14001170
Christchurch,E14000638,E14001171
Cities of London and Westminster,E14000639,E14001172
City of Durham,E14000641,E14001173
Clacton,E14000642,E14001174
Clapham and Brixton Hill,,E14001175
Colchester,E14000644,E14001176
Colne Valley,E14000645,E14001177
Congleton,E14000646,E14001178
Corby and East Northamptonshire,,E14001179
Coventry East,,E14001180
Coventry North West,E14000650,E14001181
Coventry South,E14000651,E14001182
Cramlington and Killingworth,,E14001183
Crawley,E14000652,E14001184
Crewe and Nantwich,E14000653,E14001185
Croydon East,,E14001186
Croydon South,E14000656,E14001187
Croydon West,,E14001188
Dagenham and Rainham,E14000657,E14001189
Darlington,E14000658,E14001190
Dartford,E14000659,E14001191
Daventry,E14000660,E14001192
Derby North,E14000662,E14001193
Derby South,E14000663,E14001194
Derbyshire Dales,E14000664,E14001195
Dewsbury and Batley,,E14001196
Didcot and Wantage,,E14001197
Doncaster Central,E14000668,E14001198
Doncaster East and the Isle of Axholme,,E14001199
Doncaster North,E14000669,E14001200
Dorking and Horley,,E14001201
Dover and Deal,,E14001202
Droitwich and Evesham,,E14001203
Dudley,,E14001204
Dulwich and West Norwood,E14000673,E14001205
Dunstable and Leighton Buzzard,,E14001206
Ealing Central and Acton,E14000674,E14001207
Ealing North,E14000675,E14001208
Ealing Southall,E14000676,E14001209
Earley and Woodley,,E14001210
Easington,E14000677,E14001211
East Grinstead and Uckfield,,E14001212
East Ham,E14000679,E14001213
East Hampshire,E14000680,E14001214
East Surrey,E14000681,E14001215
East Thanet,,E14001216
East Wiltshire,,E14001217
East Worthing and Shoreham,E14000682,E14001218
Eastbourne,E14000684,E14001219
Eastleigh,E14000685,E14001220
Edmonton and Winchmore Hill,,E14001221
Ellesmere Port and Bromborough,,E14001222
Eltham and Chislehurst,,E14001223
Ely and East Cambridgeshire,,E14001224
Enfield North,E14000691,E14001225
Epping Forest,E14000693,E14001226
Epsom and Ewell,E14000694,E14001227
Erewash,E14000695,E14001228
Erith and Thamesmead,E14000696,E14001229
Esher and Walton,E14000697,E14001230
Exeter,E14000698,E14001231
Exmouth and Exeter East,,E14001232
Fareham and Waterlooville,,E14001233
Farnham and Bordon,,E14001234
Faversham and Mid Kent,E14000700,E14001235
Feltham and Heston,E14000701,E14001236
Filton and Bradley Stoke,E14000702,E14001237
Finchley and Golders Green,E14000703,E14001238
Folkestone and Hythe,E14000704,E14001239
Forest of Dean,E14000705,E14001240
Frome and East Somerset,,E14001241
Fylde,E14000706,E14001242
Gainsborough,E14000707,E14001243
Gateshead Central and Whickham,,E14001244
Gedling,E14000710,E14001245
Gillingham and Rainham,E14000711,E14001246
Glastonbury and Somerton,,E14001247
Gloucester,E14000712,E14001248
Godalming and Ash,,E14001249
Goole and Pocklington,,E14001250
Gorton and Denton,,E14001251
Gosport,E14000713,E14001252
Grantham and Bourne,,E14001253
Gravesham,E14000715,E14001254
Great Grimsby and Cleethorpes,,E14001255
Great Yarmouth,E14000717,E14001256
Greenwich and Woolwich,E14000718,E14001257
Guildford,E14000719,E14001258
Hackney North and Stoke Newington,E14000720,E14001259
Hackney South and Shoreditch,E14000721,E14001260
Halesowen,,E14001261
Halifax,E14000723,E14001262
Hamble Valley,,E14001263
Hammersmith and Chiswick,,E14001264
Hampstead and Highgate,,E14001265
"Harborough, Oadby and Wigston",,E14001266
Harlow,E14000729,E14001267
Harpenden and Berkhamsted,,E14001268
Harrogate and Knaresborough,E14000730,E14001269
Harrow East,E14000731,E14001270
Harrow West,E14000732,E14001271
Hartlepool,E14000733,E14001272
Harwich and North Essex,E14000734,E14001273
Hastings and Rye,E14000735,E14001274
Havant,E14000736,E14001275
Hayes and Harlington,E14000737,E14001276
Hazel Grove,E14000738,E14001277
Hemel Hempstead,E14000739,E14001278
Hendon,E14000741,E14001279
Henley and Thame,,E14001280
Hereford and South Herefordshire,E14000743,E14001281
Herne Bay and Sandwich,,E14001282
Hertford and Stortford,E14000744,E14001283
Hertsmere,E14000745,E14001284
Hexham,E14000746,E14001285
Heywood and Middleton North,,E14001286
High Peak,E14000748,E14001287
Hinckley and Bosworth,,E14001288
Hitchin,,E14001289
Holborn and St Pancras,E14000750,E14001290
Honiton and Sidmouth,,E14001291
Hornchurch and Upminster,E14000751,E14001292
Hornsey and Friern Barnet,,E14001293
Horsham,E14000753,E14001294
Houghton and Sunderland South,E14000754,E14001295
Hove and Portslade,,E14001296
Huddersfield,E14000756,E14001297
Huntingdon,E14000757,E14001298
Hyndburn,E14000758,E14001299
Ilford North,E14000759,E14001300
Ilford South,E14000760,E14001301
Ipswich,E14000761,E14001302
Isle of Wight East,,E14001303
Isle of Wight West,,E14001304
Islington North,E14000763,E14001305
Islington South and Finsbury,E14000764,E14001306
Jarrow and Gateshead East,,E14001307
Keighley and Ilkley,,E14001308
Kenilworth and Southam,E14000767,E14001309
Kensington and Bayswater,,E14001310
Kettering,E14000769,E14001311
Kingston and Surbiton,E14000770,E14001312
Kingston upon Hull East,E14000771,E14001313
Kingston upon Hull North and Cottingham,,E14001314
Kingston upon Hull West and Haltemprice,,E14001315
Kingswinford and South Staffordshire,,E14001316
Knowsley,E14000775,E14001317
Lancaster and Wyre,,E14001318
Leeds Central and Headingley,,E14001319
Leeds East,E14000778,E14001320
Leeds North East,E14000779,E14001321
Leeds North West,E14000780,E14001322
Leeds South,,E14001323
Leeds South West and Morley,,E14001324
Leeds West and Pudsey,,E14001325
Leicester East,E14000782,E14001326
Leicester South,E14000783,E14001327
Leicester West,E14000784,E14001328
Leigh and Atherton,,E14001329
Lewes,E14000786,E14001330
Lewisham East,E14000787,E14001331
Lewisham North,,E14001332
Lewisham West and East Dulwich,,E14001333
Leyton and Wanstead,E14000790,E14001334
Lichfield,E14000791,E14001335
Lincoln,E14000792,E14001336
Liverpool Garston,,E14001337
Liverpool Riverside,E14000793,E14001338
Liverpool Walton,E14000794,E14001339
Liverpool Wavertree,E14000795,E14001340
Liverpool West Derby,E14000796,E14001341
Loughborough,E14000797,E14001342
Louth and Horncastle,E14000798,E14001343
Lowestoft,,E14001344
Luton North,E14000800,E14001345
Luton South and South Bedfordshire,,E14001346
Macclesfield,E14000802,E14001347
Maidenhead,E14000803,E14001348
Maidstone and Malling,,E14001349
Makerfield,E14000805,E14001350
Maldon,E14000806,E14001351
Manchester Central,E14000807,E14001352
Manchester Rusholme,,E14001353
Manchester Withington,E14000809,E14001354
Mansfield,E14000810,E14001355
Melksham and Devizes,,E14001356
Melton and Syston,,E14001357
Meriden and Solihull East,,E14001358
Mid Bedfordshire,E14000813,E14001359
Mid Buckinghamshire,,E14001360
Mid Cheshire,,E14001361
Mid Derbyshire,E14000814,E14001362
Mid Dorset and North Poole,E14000815,E14001363
Mid Leicestershire,,E14001364
Mid Norfolk,E14000816,E14001365
Mid Sussex,E14000817,E14001366
Middlesbrough and Thornaby East,,E14001367
Middlesbrough South and East Cleveland,E14000820,E14001368
Milton Keynes Central,,E14001369
Milton Keynes North,E14000821,E14001370
Mitcham and Morden,E14000823,E14001371
Morecambe and Lunesdale,E14000825,E14001372
New Forest East,E14000827,E14001373
New Forest West,E14000828,E14001374
Newark,E14000829,E14001375
Newbury,E14000830,E14001376
Newcastle upon Tyne Central and West,,E14001377
Newcastle upon Tyne East and Wallsend,,E14001378
Newcastle upon Tyne North,E14000833,E14001379
Newcastle-under-Lyme,E14000834,E14001380
Newton Abbot,E14000835,E14001381
Newton Aycliffe and Spennymoor,,E14001382
Normanton and Hemsworth,,E14001383
North Bedfordshire,,E14001384
North Cornwall,E14000837,E14001385
North Cotswolds,,E14001386
North Devon,E14000838,E14001387
North Dorset,E14000839,E14001388
North Durham,E14000840,E14001389
North East Cambridgeshire,E14000842,E14001390
North East Derbyshire,E14000843,E14001391
North East Hampshire,E14000844,E14001392
North East Hertfordshire,E14000845,E14001393
North East Somerset and Hanham,,E14001394
North Herefordshire,E14000847,E14001395
North Norfolk,E14000848,E14001396
North Northumberland,,E14001397
North Shropshire,E14000849,E14001398
North Somerset,E14000850,E14001399
North Warwickshire and Bedworth,,E14001400
North West Cambridgeshire,E14000855,E14001401
North West Essex,,E14001402
North West Hampshire,E14000857,E14001403
North West Leicestershire,E14000858,E14001404
North West Norfolk,E14000859,E14001405
Northampton North,E14000861,E14001406
Northampton South,E14000862,E14001407
Norwich North,E14000863,E14001408
Norwich South,E14000864,E14001409
Nottingham East,E14000865,E14001410
Nottingham North and Kimberley,,E14001411
Nottingham South,E14000867,E14001412
Nuneaton,E14000868,E14001413
Old Bexley and Sidcup,E14000869,E14001414
Oldham East and Saddleworth,E14000870,E14001415
"Oldham West, Chadderton and Royton",,E14001416
Orpington,E14000872,E14001417
Ossett and Denby Dale,,E14001418
Oxford East,E14000873,E14001419
Oxford West and Abingdon,E14000874,E14001420
Peckham,,E14001421
Pendle and Clitheroe,,E14001422
Penistone and Stocksbridge,E14000876,E14001423
Penrith and Solway,,E14001424
Peterborough,E14000878,E14001425
Plymouth Moor View,E14000879,E14001426
Plymouth Sutton and Devonport,E14000880,E14001427
"Pontefract, Castleford and Knottingley",,E14001428
Poole,E14000881,E14001429
Poplar and Limehouse,E14000882,E14001430
Portsmouth North,E14000883,E14001431
Portsmouth South,E14000884,E14001432
Preston,E14000885,E14001433
Putney,E14000887,E14001434
Queen's Park and Maida Vale,,E14001435
Rawmarsh and Conisbrough,,E14001436
Rayleigh and Wickford,E14000888,E14001437
Reading Central,,E14001438
Reading West and Mid Berkshire,,E14001439
Redcar,E14000891,E14001440
Redditch,E14000892,E14001441
Reigate,E14000893,E14001442
Ribble Valley,E14000894,E14001443
Richmond and Northallerton,,E14001444
Richmond Park,E14000896,E14001445
Rochdale,E14000897,E14001446
Rochester and Strood,E14000898,E14001447
Romford,E14000900,E14001448
Romsey and Southampton North,E14000901,E14001449
Rossendale and Darwen,E14000902,E14001450
Rother Valley,E14000903,E14001451
Rotherham,E14000904,E14001452
Rugby,E14000905,E14001453
"Ruislip, Northwood and Pinner",E14000906,E14001454
Runcorn and Helsby,,E14001455
Runnymede and Weybridge,E14000907,E14001456
Rushcliffe,E14000908,E14001457
Rutland and Stamford,,E14001458
Salford,,E14001459
Salisbury,E14000912,E14001460
Scarborough and Whitby,E14000913,E14001461
Scunthorpe,E14000914,E14001462
Sefton Central,E14000916,E14001463
Selby,,E14001464
Sevenoaks,E14000918,E14001465
Sheffield Brightside and Hillsborough,E14000921,E14001466
Sheffield Central,E14000919,E14001467
Sheffield Hallam,E14000922,E14001468
Sheffield Heeley,E14000923,E14001469
Sheffield South East,E14000920,E14001470
Sherwood Forest,,E14001471
Shipley,E14000925,E14001472
Shrewsbury,,E14001473
Sittingbourne and Sheppey,E14000927,E14001474
Skipton and Ripon,E14000928,E14001475
Sleaford and North Hykeham,E14000929,E14001476
Slough,E14000930,E14001477
Smethwick,,E14001478
Solihull West and Shirley,,E14001479
South Basildon and East Thurrock,E14000933,E14001480
South Cambridgeshire,E14000934,E14001481
South Cotswolds,,E14001482
South Derbyshire,E14000935,E14001483
South Devon,,E14001484
South Dorset,E14000936,E14001485
South East Cornwall,E14000938,E14001486
South Holland and The Deepings,E14000939,E14001487
South Leicestershire,E14000940,E14001488
South Norfolk,E14000941,E14001489
South Northamptonshire,E14000942,E14001490
South Ribble,E14000943,E14001491
South Shields,E14000944,E14001492
South Shropshire,,E14001493
South Suffolk,E14000946,E14001494
South West Devon,E14000950,E14001495
South West Hertfordshire,E14000951,E14001496
South West Norfolk,E14000952,E14001497
South West Wiltshire,E14000954,E14001498
Southampton Itchen,E14000955,E14001499
Southampton Test,E14000956,E14001500
Southend East and Rochford,,E14001501
Southend West and Leigh,,E14001502
Southgate and Wood Green,,E14001503
Southport,E14000958,E14001504
Spelthorne,E14000959,E14001505
Spen Valley,,E14001506
St Albans,E14000960,E14001507
St Austell and Newquay,E14000961,E14001508
St Helens North,E14000962,E14001509
St Helens South and Whiston,E14000963,E14001510
St Ives,E14000964,E14001511
St Neots and Mid Cambridgeshire,,E14001512
Stafford,E14000965,E14001513
Staffordshire Moorlands,E14000966,E14001514
Stalybridge and Hyde,E14000967,E14001515
Stevenage,E14000968,E14001516
Stockport,E14000969,E14001517
Stockton North,E14000970,E14001518
Stockton West,,E14001519
Stoke-on-Trent Central,E14000972,E14001520
Stoke-on-Trent North,E14000973,E14001521
Stoke-on-Trent South,E14000974,E14001522
"Stone, Great Wyrley and Penkridge",,E14001523
Stourbridge,E14000976,E14001524
Stratford and Bow,,E14001525
Stratford-on-Avon,E14000977,E14001526
Streatham and Croydon North,,E14001527
Stretford and Urmston,E14000979,E14001528
Stroud,E14000980,E14001529
Suffolk Coastal,E14000981,E14001530
Sunderland Central,E14000982,E14001531
Surrey Heath,E14000983,E14001532
Sussex Weald,,E14001533
Sutton and Cheam,E14000984,E14001534
Sutton Coldfield,E14000985,E14001535
Swindon North,,E14001536
Swindon South,,E14001537
Tamworth,E14000986,E14001538
Tatton,E14000987,E14001539
Taunton and Wellington,,E14001540
Telford,E14000989,E14001541
Tewkesbury,E14000990,E14001542
The Wrekin,E14000992,E14001543
Thirsk and Malton,E14000993,E14001544
Thornbury and Yate,E14000994,E14001545
Thurrock,E14000995,E14001546
Tipton and Wednesbury,,E14001547
Tiverton and Minehead,,E14001548
Tonbridge,,E14001549
Tooting,E14000998,E14001550
Torbay,E14000999,E14001551
Torridge and Tavistock,,E14001552
Tottenham,E14001002,E14001553
Truro and Falmouth,E14001003,E14001554
Tunbridge Wells,E14001004,E14001555
Twickenham,E14001005,E14001556
Tynemouth,E14001006,E14001557
Uxbridge and South Ruislip,E14001007,E14001558
Vauxhall and Camberwell Green,,E14001559
Wakefield and Rothwell,,E14001560
Wallasey,E14001010,E14001561
Walsall and Bloxwich,,E14001562
Walthamstow,E14001013,E14001563
Warrington North,E14001017,E14001564
Warrington South,E14001018,E14001565
Warwick and Leamington,E14001019,E14001566
Washington and Gateshead South,,E14001567
Watford,E14001021,E14001568
Waveney Valley,,E14001569
Weald of Kent,,E14001570
Wellingborough and Rushden,,E14001571
Wells and Mendip Hills,,E14001572
Welwyn Hatfield,E14001027,E14001573
West Bromwich,,E14001574
West Dorset,E14001031,E14001575
West Ham and Beckton,,E14001576
West Lancashire,E14001033,E14001577
West Suffolk,E14001034,E14001578
West Worcestershire,E14001035,E14001579
Westmorland and Lonsdale,E14001037,E14001580
Weston-super-Mare,,E14001581
Wetherby and Easingwold,,E14001582
Whitehaven and Workington,,E14001583
Widnes and Halewood,,E14001584
Wigan,E14001039,E14001585
Wimbledon,E14001040,E14001586
Winchester,E14001041,E14001587
Windsor,E14001042,E14001588
Wirral West,E14001044,E14001589
Witham,E14001045,E14001590
Witney,E14001046,E14001591
Woking,E14001047,E14001592
Wokingham,E14001048,E14001593
Wolverhampton North East,E14001049,E14001594
Wolverhampton South East,E14001050,E14001595
Wolverhampton West,,E14001596
Worcester,E14001052,E14001597
Worsley and Eccles,,E14001598
Worthing West,E14001055,E14001599
Wycombe,E14001056,E14001600
Wyre Forest,E14001058,E14001601
Wythenshawe and Sale East,E14001059,E14001602
Yeovil,E14001060,E14001603
York Central,E14001061,E14001604
York Outer,E14001062,E14001605
Belfast East,N06000001,N05000001
Belfast North,N06000002,N05000002
Belfast South and Mid Down,,N05000003
Belfast West,N06000004,N05000004
East Antrim,N06000005,N05000005
East Londonderry,N06000006,N05000006
Fermanagh and South Tyrone,N06000007,N05000007
Foyle,N06000008,N05000008
Lagan Valley,N06000009,N05000009
Mid Ulster,N06000010,N05000010
Newry and Armagh,N06000011,N05000011
North Antrim,N06000012,N05000012
North Down,N06000013,N05000013
South Antrim,N06000014,N05000014
South Down,N06000015,N05000015
Strangford,N06000016,N05000016
Upper Bann,N06000017,N05000017
West Tyrone,N06000018,N05000018
East Renfrewshire,S14000021,S14000021
Na h-Eileanan an Iar,S14000027,S14000027
Midlothian,S14000045,S14000045
North Ayrshire and Arran,S14000048,S14000048
Orkney and Shetland,S14000051,S14000051
Aberdeen North,S14000001,S14000060
Aberdeen South,S14000002,S14000061
Aberdeenshire North and Moray East,,S14000062
Airdrie and Shotts,S14000003,S14000063
Alloa and Grangemouth,,S14000064
Angus and Perthshire Glens,,S14000065
Arbroath and Broughty Ferry,,S14000066
"Argyll, Bute and South Lochaber",,S14000067
Bathgate and Linlithgow,,S14000068
"Caithness, Sutherland and Easter Ross",S14000009,S14000069
Coatbridge and Bellshill,,S14000070
Cowdenbeath and Kirkcaldy,,S14000071
Cumbernauld and Kirkintilloch,,S14000072
Dumfries and Galloway,S14000013,S14000073
"Dumfriesshire, Clydesdale and Tweeddale",S14000014,S14000074
Dundee Central,,S14000075
Dunfermline and Dollar,,S14000076
East Kilbride and Strathaven,,S14000077
Edinburgh East and Musselburgh,,S14000078
Edinburgh North and Leith,S14000023,S14000079
Edinburgh South,S14000024,S14000080
Edinburgh South West,S14000025,S14000081
Edinburgh West,S14000026,S14000082
Falkirk,S14000028,S14000083
Glasgow East,S14000030,S14000084
Glasgow North,S14000031,S14000085
Glasgow North East,S14000032,S14000086
Glasgow South,S14000034,S14000087
Glasgow South West,S14000035,S14000088
Glasgow West,,S14000089
Glenrothes and Mid Fife,,S14000090
Gordon and Buchan,,S14000091
Hamilton and Clyde Valley,,S14000092
Inverclyde and Renfrewshire West,,S14000093
"Inverness, Skye and West Ross-shire",,S14000094
Livingston,S14000044,S14000095
Lothian East,,S14000096
Mid Dunbartonshire,,S14000097
"Moray West, Nairn and Strathspey",,S14000098
"Motherwell, Wishaw and Carluke",,S14000099
North East Fife,S14000049,S14000100
Paisley and Renfrewshire North,S14000052,S14000101
Paisley and Renfrewshire South,S14000053,S14000102
Perth and Kinross-shire,,S14000103
Rutherglen,,S14000104
Stirling and Strathallan,,S14000105
West Dunbartonshire,S14000059,S14000106
"Ayr, Carrick and Cumnock",S14000006,S14000107
"Berwickshire, Roxburgh and Selkirk",S14000008,S14000108
Central Ayrshire,S14000010,S14000109
Kilmarnock and Loudoun,S14000040,S14000110
West Aberdeenshire and Kincardine,S14000058,S14000111
Aberafan Maesteg,,W07000081
Alyn and Deeside,W07000043,W07000082
Bangor Aberconwy,,W07000083
Blaenau Gwent and Rhymney,,W07000084
"Brecon, Radnor and Cwm Tawe",,W07000085
Bridgend,W07000073,W07000086
Caerfyrddin,,W07000087
Caerphilly,W07000076,W07000088
Cardiff East,,W07000089
Cardiff North,W07000051,W07000090
Cardiff South and Penarth,W07000080,W07000091
Cardiff West,W07000079,W07000092
Ceredigion Preseli,,W07000093
Clwyd East,,W07000094
Clwyd North,,W07000095
Dwyfor Meirionnydd,W07000061,W07000096
Gower,W07000046,W07000097
Llanelli,W07000045,W07000098
Merthyr Tydfil and Aberdare,,W07000099
Mid and South Pembrokeshire,,W07000100
Monmouthshire,,W07000101
Montgomeryshire and Glyndwr,,W07000102
Neath and Swansea East,,W07000103
Newport East,W07000055,W07000104
Newport West and Islwyn,,W07000105
Pontypridd,W07000075,W07000106
Rhondda and Ogmore,,W07000107
Swansea West,W07000047,W07000108
Torfaen,W07000053,W07000109
Vale of Glamorgan,W07000078,W07000110
Wrexham,W07000044,W07000111
Ynys Môn,W07000041,W07000112
Aberavon,W07000049,
Aberconwy,W07000058,
Angus,S14000004,
Arfon,W07000057,
Argyll and Bute,S14000005,
Banff and Buchan,S14000007,
Barnsley Central,E14000541,
Barnsley East,E14000542,
Batley and Spen,E14000548,
Beckenham,E14000551,
Belfast South,N06000003,
Berwick-upon-Tweed,E14000554,
Bethnal Green and Bow,E14000555,
Birmingham Hall Green,E14000562,
Birmingham Hodge Hill,E14000563,
Blackley and Broughton,E14000571,
Blackpool North and Cleveleys,E14000572,
Blaenau Gwent,W07000072,
Blaydon,E14000574,
Blyth Valley,E14000575,
Bolton South East,E14000579,
Bosworth,E14000583,
Brecon and Radnorshire,W07000068,
Brent Central,E14000591,
Brent North,E14000592,
Bridgwater and West Somerset,E14000595,
Brigg and Goole,E14000596,
Brighton Kemptown,E14000597,
Bristol West,E14000602,
Broadland,E14000603,
Bromley and Chislehurst,E14000604,
Buckingham,E14000608,
Burton,E14000610,
Bury St Edmunds,E14000613,
Camberwell and Peckham,E14000615,
Cardiff Central,W07000050,
Carmarthen East and Dinefwr,W07000067,
Carmarthen West and South Pembrokeshire,W07000066,
Ceredigion,W07000064,
Charnwood,E14000625,
City of Chester,E14000640,
Cleethorpes,E14000643,
Clwyd South,W07000062,
Clwyd West,W07000059,
"Coatbridge, Chryston and Bellshill",S14000011,
Copeland,E14000647,
Corby,E14000648,
Coventry North East,E14000649,
Croydon Central,E14000654,
Croydon North,E14000655,
"Cumbernauld, Kilsyth and Kirkintilloch East",S14000012,
Cynon Valley,W07000070,
Delyn,W07000042,
Denton and Reddish,E14000661,
Devizes,E14000665,
Dewsbury,E14000666,
Don Valley,E14000667,
Dover,E14000670,
Dudley North,E14000671,
Dudley South,E14000672,
Dundee East,S14000015,
Dundee West,S14000016,
Dunfermline and West Fife,S14000017,
East Devon,E14000678,
East Dunbartonshire,S14000018,
"East Kilbride, Strathaven and Lesmahagow",S14000019,
East Lothian,S14000020,
East Yorkshire,E14000683,
Eddisbury,E14000686,
Edinburgh East,S14000022,
Edmonton,E14000687,
Ellesmere Port and Neston,E14000688,
Elmet and Rothwell,E14000689,
Eltham,E14000690,
Enfield Southgate,E14000692,
Fareham,E14000699,
Garston and Halewood,E14000708,
Gateshead,E14000709,
Glasgow Central,S14000029,
Glasgow North West,S14000033,
Glenrothes,S14000036,
Gordon,S14000037,
Grantham and Stamford,E14000714,
Great Grimsby,E14000716,
Halesowen and Rowley Regis,E14000722,
Haltemprice and Howden,E14000724,
Halton,E14000725,
Hammersmith,E14000726,
Hampstead and Kilburn,E14000727,
Harborough,E14000728,
Hemsworth,E14000740,
Henley,E14000742,
Heywood and Middleton,E14000747,
Hitchin and Harpenden,E14000749,
Hornsey and Wood Green,E14000752,
Hove,E14000755,
Inverclyde,S14000038,
"Inverness, Nairn, Badenoch and Strathspey",S14000039,
Isle of Wight,E14000762,
Islwyn,W07000077,
Jarrow,E14000765,
Keighley,E14000766,
Kensington,E14000768,
Kingston upon Hull North,E14000772,
Kingston upon Hull West and Hessle,E14000773,
Kingswood,E14000774,
Kirkcaldy and Cowdenbeath,S14000041,
Lanark and Hamilton East,S14000042,
Lancaster and Fleetwood,E14000776,
Leeds Central,E14000777,
Leeds West,E14000781,
Leigh,E14000785,
Lewisham Deptford,E14000789,
Lewisham West and Penge,E14000788,
Linlithgow and East Falkirk,S14000043,
Ludlow,E14000799,
Luton South,E14000801,
Maidstone and The Weald,E14000804,
Manchester Gorton,E14000808,
Meon Valley,E14000811,
Meriden,E14000812,
Merthyr Tydfil and Rhymney,W07000071,
Mid Worcestershire,E14000818,
Middlesbrough,E14000819,
Milton Keynes South,E14000822,
Mole Valley,E14000824,
Monmouth,W07000054,
Montgomeryshire,W07000063,
Moray,S14000046,
Morley and Outwood,E14000826,
Motherwell and Wishaw,S14000047,
Neath,W07000069,
Newcastle upon Tyne Central,E14000831,
Newcastle upon Tyne East,E14000832,
Newport West,W07000056,
"Normanton, Pontefract and Castleford",E14000836,
North East Bedfordshire,E14000841,
North East Somerset,E14000846,
North Swindon,E14000851,
North Thanet,E14000852,
North Tyneside,E14000853,
North Warwickshire,E14000854,
North West Durham,E14000856,
North Wiltshire,E14000860,
Nottingham North,E14000866,
Ochil and South Perthshire,S14000050,
Ogmore,W07000074,
Oldham West and Royton,E14000871,
Pendle,E14000875,
Penrith and The Border,E14000877,
Perth and North Perthshire,S14000054,
Preseli Pembrokeshire,W07000065,
Pudsey,E14000886,
Reading East,E14000889,
Reading West,E14000890,
Rhondda,W07000052,
Richmond (Yorks),E14000895,
Rochford and Southend East,E14000899,
"Ross, Skye and Lochaber",S14000055,
Rutherglen and Hamilton West,S14000056,
Rutland and Melton,E14000909,
Saffron Walden,E14000910,
Salford and Eccles,E14000911,
Sedgefield,E14000915,
Selby and Ainsty,E14000917,
Sherwood,E14000924,
Shrewsbury and Atcham,E14000926,
Solihull,E14000931,
Somerton and Frome,E14000932,
South East Cambridgeshire,E14000937,
South Staffordshire,E14000945,
South Swindon,E14000947,
South Thanet,E14000948,
South West Bedfordshire,E14000949,
South West Surrey,E14000953,
Southend West,E14000957,
Stirling,S14000057,
Stockton South,E14000971,
Stone,E14000975,
Streatham,E14000978,
Swansea East,W07000048,
Taunton Deane,E14000988,
The Cotswolds,E14000991,
Tiverton and Honiton,E14000996,
Tonbridge and Malling,E14000997,
Torridge and West Devon,E14001000,
Totnes,E14001001,
Vale of Clwyd,W07000060,
Vauxhall,E14001008,
Wakefield,E14001009,
Walsall North,E14001011,
Walsall South,E14001012,
Wansbeck,E14001014,
Wantage,E14001015,
Warley,E14001016,
Washington and Sunderland West,E14001020,
Waveney,E14001022,
Wealden,E14001023,
Weaver Vale,E14001024,
Wellingborough,E14001025,
Wells,E14001026,
Wentworth and Dearne,E14001028,
West Bromwich East,E14001029,
West Bromwich West,E14001030,
West Ham,E14001032,
Westminster North,E14001036,
Weston-Super-Mare,E14001038,
Wirral South,E14001043,
Wolverhampton South West,E14001051,
Workington,E14001053,
Worsley and Eccles South,E14001054,
Wyre and Preston North,E14001057,
